h,logA,n_s,Ob0h2,Oc0h2,B,A_cib,A_ir,A_rs
0.65003166,2.99994970,0.94439447,0.02180480,0.11680297,1.35982451,4.67708022,3.16394146,0.94538327
