h,logA,n_s,Ob0h2,Oc0h2,B,A_cib,A_ir,A_rs
0.89233252,2.87202526,0.94435259,0.02449334,0.12588283,1.78007826,3.03730228,1.48653378,4.48243748
